Last_Run,Files_Changed
1970-01-01 00:00:00.000,None
2025-02-26 09:25:56.165863,None
2025-02-26 09:25:57.861361,None
2025-02-26 09:25:58.330788,None
2025-02-26 09:25:58.499623,None
2025-02-26 09:25:58.662494,None
2025-02-26 09:25:58.854722,None
2025-02-26 09:25:59.054037,None
2025-02-26 09:26:25.475431,None
2025-02-26 09:26:25.914915,None
2025-02-26 09:26:26.073413,None
2025-02-26 09:26:26.233959,None
2025-02-26 09:26:26.406544,None
2025-02-26 09:26:26.575775,None
2025-02-26 09:26:26.752869,None
2025-02-26 09:26:49.257765,None
2025-02-26 09:26:49.657553,None
2025-02-26 09:26:50.186984,None
2025-02-26 09:26:50.787389,None
2025-02-26 09:26:51.244332,None
2025-02-26 09:26:51.817706,None
2025-02-26 09:26:52.152598,None
2025-02-26 09:27:22.228324,None
2025-02-26 09:27:22.676855,None
2025-02-26 09:27:23.837088,None
2025-02-26 09:27:24.291665,None
2025-02-26 09:27:24.850904,None
2025-02-26 09:27:25.332465,None
2025-02-26 09:27:25.781374,None
2025-02-26 09:29:14.524517,None
2025-02-26 09:29:15.923559,None
2025-02-26 09:29:16.373141,None
2025-02-26 09:29:16.567073,None
2025-02-26 09:29:16.727660,None
2025-02-26 09:29:16.903299,None
2025-02-26 09:29:17.086042,None
2025-02-26 09:29:54.370542,None
2025-02-26 09:29:54.827066,None
2025-02-26 09:29:55.030047,None
2025-02-26 09:29:55.200432,None
2025-02-26 09:29:55.380747,None
2025-02-26 09:29:55.568339,None
2025-02-26 09:29:55.750547,None
2025-02-26 09:32:29.240192,None
2025-02-26 09:32:29.630735,None
2025-02-26 09:32:29.840674,None
2025-02-26 09:32:29.992563,None
2025-02-26 09:32:30.162572,None
2025-02-26 09:32:30.339593,None
2025-02-26 09:32:30.488653,None
2025-02-26 09:34:24.003253,None
2025-02-26 09:34:24.623320,None
2025-02-26 09:34:24.827864,None
2025-02-26 09:34:24.997403,None
2025-02-26 09:34:25.209741,None
2025-02-26 09:34:25.411223,None
2025-02-26 09:34:25.595586,None
2025-02-26 09:35:10.985712,None
2025-02-26 09:35:11.466715,None
2025-02-26 09:35:11.646627,None
2025-02-26 09:35:11.802920,None
2025-02-26 09:35:11.977208,None
2025-02-26 09:35:12.128585,None
2025-02-26 09:35:12.306805,None
2025-02-26 09:44:20.138679,None
2025-02-26 09:44:20.537991,None
2025-02-26 09:44:20.699433,None
2025-02-26 09:44:21.520514,None
2025-02-26 09:44:21.698467,None
2025-02-26 09:44:21.872522,None
2025-02-26 09:44:22.034551,None
2025-02-26 09:49:18.521917,None
2025-02-26 09:49:18.684229,None
2025-02-26 09:49:18.841852,None
2025-02-26 09:49:19.013470,None
2025-02-26 09:49:19.205295,None
2025-02-26 09:49:19.363756,None
2025-02-26 09:58:08.540460,None
2025-02-26 09:58:08.718320,None
2025-02-26 09:58:08.895180,None
2025-02-26 09:58:09.065768,None
2025-02-26 09:58:09.266799,None
2025-02-26 09:58:09.438494,None
